{"accuracy": 0.916, "precision": 0.9243697478991597, "recall": 0.9016393442622951, "f1_score": 0.9128630705394191}