{"accuracy": 0.952, "precision": 0.9824561403508771, "recall": 0.9180327868852459, "f1_score": 0.9491525423728813}