{"accuracy": 0.912, "precision": 0.9166666666666666, "recall": 0.9016393442622951, "f1_score": 0.9090909090909091}