{"accuracy": 0.948, "precision": 0.9739130434782609, "recall": 0.9180327868852459, "f1_score": 0.9451476793248946}